{
  "standard": {
    "ROUGE-1": 0.09267752639031065,
    "ROUGE-2": 0.029482714355937602,
    "ROUGE-L": 0.08204173805157854
  },
  "open_book": {
    "ROUGE-1": 0.18627177432976388,
    "ROUGE-2": 0.06810510350567472,
    "ROUGE-L": 0.1598110713276129
  },
  "discard": {
    "ROUGE-1": 0.18778080089960014,
    "ROUGE-2": 0.07097672942823131,
    "ROUGE-L": 0.16281045713512327
  },
  "refusal": {
    "ROUGE-1": 0.1904804356151829,
    "ROUGE-2": 0.07153428568604281,
    "ROUGE-L": 0.16609903385599886
  }
}